{"filename": "pyntcloud_plot", "camera_position": [14.586050033569336, 9.612266540527344, 6.589911460876465], "look_at": [3.328010921489266, -0.07970944023364679, 0.2611435734580402], "point_size": 2e-06, "point_opacity": 0.9, "polylines_points": [], "polylines_colors": []}