{"filename": "pyntcloud_plot", "camera_position": [18.476232528686523, 7.681432247161865, 1.9999998807907104], "look_at": [3.1044844275847474, 0.011914357968623352, -0.07162593821229986], "point_size": 2e-06, "point_opacity": 0.9, "polylines_points": [], "polylines_colors": []}